fenotipo,acuracia
(((conv*2))*2)fc*0*128*lr-0.001,0.6409090757369995
(((conv*2)bnorm-pool-dropout)*1)fc*2*512*lr-0.001,0.699696958065033
(((conv*3)bnorm-)*1)fc*1*128*lr-0.0001,0.6324242353439331
(((conv*1)bnorm-pool-)*2)fc*0*256*lr-0.1,0.6154545545578003
(((conv*3))*3)fc*2*64*lr-0.0001,0.675151526927948
(((conv*2))*1)fc*0*128*lr-0.1,0.09272727370262146
(((conv*3)bnorm-pool-)*3)fc*0*256*lr-0.001,0.8187878727912903
(((conv*3)bnorm-pool-dropout)*2)fc*2*128*lr-0.001,0.839090883731842
(((conv*1)bnorm-pool-dropout)*3)fc*0*512*lr-0.01,0.7272727489471436
(((conv*1)bnorm-pool-dropout)*2)fc*2*64*lr-0.001,0.7145454287528992
(((conv*1))*3)fc*1*512*lr-0.01,0.09878788143396378
(((conv*1)bnorm-pool-dropout)*2)fc*1*128*lr-0.01,0.7151514887809753
(((conv*1)pool-)*2)fc*1*256*lr-0.1,0.09878788143396378
(((conv*2))*1)fc*0*256*lr-0.01,0.442727267742157
(((conv*1)pool-dropout)*3)fc*1*128*lr-0.0001,0.6569697260856628
(((conv*1)bnorm-)*1)fc*2*128*lr-0.0001,0.6124242544174194
(((conv*3))*3)fc*1*512*lr-0.001,0.6166666746139526
(((conv*2)bnorm-)*2)fc*1*256*lr-0.0001,0.6293939352035522
(((conv*3))*3)fc*2*128*lr-0.0001,0.6693939566612244
(((conv*2)pool-dropout)*1)fc*1*256*lr-0.001,0.7178787589073181
(((conv*3)bnorm-)*1)fc*0*512*lr-0.1,0.09969697147607803
(((conv*1))*1)fc*2*256*lr-0.001,0.5836363434791565
(((conv*1)bnorm-)*1)fc*1*256*lr-0.001,0.5472727417945862
(((conv*2)bnorm-pool-)*1)fc*0*512*lr-0.1,0.2612121105194092
(((conv*3)pool-)*2)fc*0*64*lr-0.0001,0.6854545474052429
(((conv*3)bnorm-)*3)fc*0*64*lr-0.1,0.09545454382896423
(((conv*2)bnorm-)*3)fc*1*256*lr-0.01,0.6203030347824097
(((conv*2)bnorm-pool-)*2)fc*1*256*lr-0.01,0.7400000095367432
(((conv*3)bnorm-)*3)fc*1*128*lr-0.001,0.685757577419281
(((conv*3)bnorm-pool-dropout)*2)fc*1*256*lr-0.0001,0.7900000214576721
(((conv*3))*3)fc*2*64*lr-0.01,0.10696969926357269
(((conv*1)pool-)*3)fc*0*64*lr-0.01,0.5915151238441467
(((conv*2)bnorm-)*3)fc*0*512*lr-0.001,0.6818181872367859
(((conv*2)bnorm-pool-)*1)fc*1*128*lr-0.0001,0.6678788065910339
(((conv*1))*2)fc*2*64*lr-0.01,0.10969696938991547
(((conv*3))*3)fc*2*64*lr-0.1,0.09939394146203995
(((conv*3)pool-dropout)*2)fc*2*512*lr-0.0001,0.7706060409545898
(((conv*1)bnorm-)*1)fc*2*256*lr-0.0001,0.6363636255264282
(((conv*2)pool-dropout)*2)fc*2*512*lr-0.001,0.7651515007019043
(((conv*1)pool-)*1)fc*2*128*lr-0.01,0.10121212154626846
(((conv*1)pool-)*2)fc*1*128*lr-0.0001,0.6724242568016052
(((conv*1)bnorm-pool-)*2)fc*2*256*lr-0.1,0.09787879139184952
(((conv*2)bnorm-)*2)fc*0*512*lr-0.1,0.4333333373069763
(((conv*2)pool-)*1)fc*2*256*lr-0.0001,0.6439393758773804
(((conv*3)bnorm-pool-dropout)*1)fc*1*512*lr-0.001,0.7587878704071045
(((conv*1)pool-)*1)fc*1*128*lr-0.0001,0.6745454668998718
(((conv*3))*2)fc*2*64*lr-0.0001,0.6572727560997009
(((conv*1))*1)fc*0*256*lr-0.1,0.09787879139184952
(((conv*3))*2)fc*1*256*lr-0.0001,0.6624242663383484
(((conv*3))*1)fc*0*512*lr-0.01,0.09969697147607803
(((conv*2))*2)fc*2*128*lr-0.1,0.09878788143396378
(((conv*3))*1)fc*0*512*lr-0.001,0.6154545545578003
(((conv*3)pool-dropout)*2)fc*1*256*lr-0.01,0.09878788143396378
(((conv*2)bnorm-)*1)fc*2*64*lr-0.001,0.5884848237037659
(((conv*3))*2)fc*2*256*lr-0.01,0.10969696938991547
(((conv*2)bnorm-pool-dropout)*1)fc*0*128*lr-0.0001,0.7093939185142517
(((conv*1)bnorm-pool-)*1)fc*1*64*lr-0.1,0.10121212154626846
(((conv*1))*2)fc*0*64*lr-0.0001,0.6406060457229614
(((conv*1)pool-)*3)fc*1*512*lr-0.0001,0.671818196773529
(((conv*3))*2)fc*1*128*lr-0.1,0.09939394146203995
(((conv*3)bnorm-pool-dropout)*1)fc*2*256*lr-0.0001,0.7030302882194519
(((conv*3)bnorm-)*2)fc*0*128*lr-0.001,0.6499999761581421
(((conv*2)bnorm-)*1)fc*1*256*lr-0.1,0.09787879139184952
(((conv*3)bnorm-)*1)fc*1*256*lr-0.01,0.5751515030860901
(((conv*3)pool-dropout)*2)fc*0*512*lr-0.01,0.09787879139184952
(((conv*3))*1)fc*1*64*lr-0.01,0.09787879139184952
(((conv*1)pool-)*2)fc*0*64*lr-0.01,0.6278787851333618
(((conv*1)pool-dropout)*1)fc*1*128*lr-0.1,0.10696969926357269
(((conv*1)bnorm-pool-dropout)*3)fc*2*64*lr-0.001,0.7481818199157715
(((conv*2))*3)fc*2*512*lr-0.1,0.09787879139184952
(((conv*1)bnorm-pool-)*3)fc*0*64*lr-0.0001,0.6563636660575867
(((conv*1)bnorm-)*1)fc*2*512*lr-0.0001,0.632121205329895
(((conv*2)bnorm-)*1)fc*2*512*lr-0.01,0.5263636112213135
(((conv*3))*1)fc*1*512*lr-0.001,0.6324242353439331
(((conv*2))*3)fc*1*128*lr-0.1,0.10696969926357269
(((conv*2)bnorm-pool-dropout)*1)fc*1*256*lr-0.01,0.6618182063102722
(((conv*1)bnorm-)*2)fc*1*64*lr-0.1,0.09939394146203995
(((conv*1)pool-dropout)*3)fc*2*512*lr-0.1,0.09575757384300232
(((conv*1))*1)fc*2*256*lr-0.01,0.09787879139184952
(((conv*1)pool-)*1)fc*0*512*lr-0.001,0.635757565498352
(((conv*1))*1)fc*1*512*lr-0.01,0.42636364698410034
(((conv*1))*1)fc*0*256*lr-0.01,0.3842424154281616
(((conv*3)bnorm-)*1)fc*2*256*lr-0.001,0.6539393663406372
(((conv*3))*2)fc*1*64*lr-0.001,0.6509090662002563
(((conv*2))*3)fc*0*64*lr-0.1,0.09939394146203995
(((conv*1)pool-)*2)fc*2*512*lr-0.01,0.5387879014015198
(((conv*2)pool-)*1)fc*2*128*lr-0.1,0.09787879139184952
(((conv*1)pool-)*1)fc*2*256*lr-0.0001,0.664545476436615
(((conv*3)pool-)*2)fc*0*128*lr-0.001,0.7375757694244385
(((conv*3)bnorm-pool-)*1)fc*2*512*lr-0.0001,0.7090908885002136
(((conv*2)bnorm-)*3)fc*2*128*lr-0.0001,0.6375757455825806
(((conv*2))*1)fc*2*256*lr-0.01,0.09272727370262146
(((conv*3))*2)fc*0*512*lr-0.1,0.09969697147607803
(((conv*3)bnorm-pool-)*1)fc*2*64*lr-0.01,0.6654545664787292
(((conv*2)bnorm-)*2)fc*2*512*lr-0.1,0.09272727370262146
(((conv*1)pool-dropout)*2)fc*1*512*lr-0.0001,0.7303030490875244
(((conv*2)pool-)*2)fc*2*64*lr-0.0001,0.7060605883598328
(((conv*1)pool-)*3)fc*2*512*lr-0.0001,0.7021211981773376
(((conv*2)pool-dropout)*3)fc*1*128*lr-0.001,0.8251515030860901
(((conv*2)bnorm-)*1)fc*2*64*lr-0.1,0.09787879139184952
(((conv*2)pool-dropout)*2)fc*1*256*lr-0.1,0.09272727370262146
(((conv*2)bnorm-)*2)fc*0*256*lr-0.1,0.35333332419395447
(((conv*2))*2)fc*0*64*lr-0.01,0.10969696938991547
(((conv*2)bnorm-pool-)*2)fc*0*512*lr-0.01,0.7275757789611816
(((conv*2))*2)fc*0*256*lr-0.001,0.6457575559616089
(((conv*3)bnorm-)*2)fc*0*64*lr-0.01,0.6318181753158569
(((conv*1)pool-)*3)fc*1*64*lr-0.0001,0.699696958065033
(((conv*2)bnorm-)*1)fc*1*128*lr-0.0001,0.6348484754562378
(((conv*2)bnorm-pool-dropout)*1)fc*2*128*lr-0.1,0.10969696938991547
(((conv*2))*2)fc*2*64*lr-0.001,0.6539393663406372
(((conv*2))*1)fc*0*64*lr-0.0001,0.6333333253860474
(((conv*3))*1)fc*2*64*lr-0.01,0.4184848368167877
(((conv*3))*3)fc*0*128*lr-0.1,0.10969696938991547
(((conv*2)bnorm-pool-dropout)*3)fc*0*64*lr-0.1,0.360909104347229
(((conv*1)bnorm-)*1)fc*0*256*lr-0.001,0.5075757503509521
(((conv*1)pool-)*1)fc*2*64*lr-0.1,0.09787879139184952
(((conv*1))*2)fc*1*256*lr-0.001,0.6118181943893433
(((conv*1))*3)fc*1*512*lr-0.1,0.09939394146203995
(((conv*3)pool-dropout)*3)fc*1*512*lr-0.1,0.10696969926357269
(((conv*2)bnorm-pool-)*1)fc*2*64*lr-0.001,0.6700000166893005
(((conv*3)pool-dropout)*1)fc*2*256*lr-0.01,0.44787877798080444
(((conv*3)bnorm-pool-dropout)*3)fc*0*256*lr-0.1,0.4551515281200409
(((conv*1)bnorm-)*2)fc*1*64*lr-0.0001,0.6169697046279907
(((conv*2)bnorm-)*3)fc*1*512*lr-0.0001,0.6760606169700623
(((conv*2)pool-dropout)*1)fc*1*512*lr-0.001,0.7281818389892578
(((conv*1)bnorm-pool-dropout)*2)fc*2*512*lr-0.01,0.668181836605072
(((conv*3)bnorm-pool-dropout)*3)fc*2*128*lr-0.1,0.10696969926357269
(((conv*1))*1)fc*2*512*lr-0.0001,0.6157575845718384
(((conv*3))*2)fc*0*256*lr-0.001,0.6633333563804626
(((conv*2)pool-dropout)*3)fc*2*128*lr-0.1,0.09272727370262146
(((conv*2)bnorm-)*3)fc*0*256*lr-0.01,0.6172727346420288
(((conv*1))*1)fc*0*64*lr-0.1,0.09787879139184952
(((conv*3)bnorm-pool-)*3)fc*2*128*lr-0.01,0.7945454716682434
(((conv*3)pool-dropout)*1)fc*2*256*lr-0.1,0.09787879139184952
(((conv*1)pool-)*2)fc*0*512*lr-0.0001,0.6436363458633423
(((conv*2))*2)fc*2*256*lr-0.01,0.09787879139184952
(((conv*1)bnorm-)*3)fc*0*128*lr-0.0001,0.6160606145858765
(((conv*3)pool-dropout)*2)fc*1*128*lr-0.0001,0.7878788113594055
(((conv*2)pool-)*1)fc*1*512*lr-0.001,0.6784848570823669
(((conv*3))*2)fc*2*512*lr-0.0001,0.6524242162704468
(((conv*1)bnorm-)*3)fc*0*256*lr-0.01,0.5342424511909485
(((conv*1))*1)fc*1*512*lr-0.001,0.5993939638137817
(((conv*1)pool-)*2)fc*0*256*lr-0.001,0.7063636183738708
(((conv*1))*3)fc*2*512*lr-0.01,0.09787879139184952
(((conv*1)bnorm-)*2)fc*1*512*lr-0.001,0.6172727346420288
(((conv*1)pool-)*3)fc*0*512*lr-0.01,0.5839393734931946
(((conv*2)pool-dropout)*1)fc*0*512*lr-0.01,0.5857575535774231
(((conv*1)pool-)*2)fc*1*64*lr-0.1,0.09787879139184952
(((conv*1)bnorm-pool-)*2)fc*2*512*lr-0.1,0.09878788143396378
(((conv*2))*1)fc*1*512*lr-0.001,0.6415151357650757
(((conv*2)pool-dropout)*1)fc*0*128*lr-0.0001,0.6733333468437195
(((conv*3))*2)fc*0*256*lr-0.0001,0.6257575750350952
(((conv*3)bnorm-)*3)fc*0*128*lr-0.1,0.12060605734586716
(((conv*3))*3)fc*0*64*lr-0.01,0.09575757384300232
(((conv*2)bnorm-)*3)fc*1*256*lr-0.0001,0.6372727155685425
(((conv*3))*1)fc*0*64*lr-0.01,0.10969696938991547
(((conv*1)bnorm-)*3)fc*2*128*lr-0.1,0.09878788143396378
(((conv*1)bnorm-pool-dropout)*3)fc*0*512*lr-0.001,0.6969696879386902
(((conv*1)bnorm-)*3)fc*2*512*lr-0.0001,0.6021212339401245
(((conv*1)bnorm-)*2)fc*1*256*lr-0.1,0.0960606038570404
(((conv*3)bnorm-)*3)fc*0*64*lr-0.001,0.6839393973350525
(((conv*3)bnorm-)*3)fc*0*128*lr-0.001,0.6221212148666382
(((conv*1)bnorm-)*2)fc*2*256*lr-0.01,0.5827272534370422
(((conv*1)pool-dropout)*2)fc*1*256*lr-0.001,0.7375757694244385
(((conv*1))*1)fc*2*128*lr-0.001,0.5706060528755188
(((conv*2)pool-dropout)*2)fc*2*512*lr-0.0001,0.7696969509124756
(((conv*1)bnorm-)*2)fc*0*64*lr-0.001,0.5403030514717102
(((conv*2)bnorm-pool-dropout)*1)fc*2*128*lr-0.01,0.6333333253860474
(((conv*3)bnorm-pool-dropout)*1)fc*0*64*lr-0.001,0.7696969509124756
(((conv*1)pool-dropout)*1)fc*0*64*lr-0.0001,0.6342424154281616
(((conv*1)pool-dropout)*2)fc*0*64*lr-0.1,0.09969697147607803
(((conv*2))*1)fc*0*64*lr-0.1,0.09939394146203995
(((conv*3)pool-dropout)*2)fc*0*64*lr-0.1,0.09787879139184952
(((conv*3)pool-dropout)*1)fc*0*256*lr-0.001,0.7496969699859619
(((conv*3)pool-dropout)*2)fc*1*256*lr-0.0001,0.767575740814209
(((conv*2))*1)fc*2*256*lr-0.1,0.09878788143396378
(((conv*3))*3)fc*1*512*lr-0.1,0.10696969926357269
(((conv*3)pool-dropout)*1)fc*1*64*lr-0.0001,0.7045454382896423
(((conv*1)bnorm-pool-dropout)*3)fc*2*256*lr-0.1,0.09272727370262146
(((conv*3))*1)fc*0*512*lr-0.1,0.09878788143396378
(((conv*3)pool-dropout)*2)fc*1*256*lr-0.1,0.10696969926357269
(((conv*1)bnorm-)*1)fc*0*64*lr-0.001,0.5121212005615234
(((conv*2)bnorm-pool-dropout)*1)fc*1*256*lr-0.0001,0.7300000190734863
(((conv*1))*3)fc*0*512*lr-0.001,0.6184848546981812
(((conv*3)bnorm-)*3)fc*2*128*lr-0.001,0.6869696974754333
(((conv*1)bnorm-pool-dropout)*1)fc*0*512*lr-0.0001,0.6696969866752625
(((conv*3)pool-dropout)*2)fc*1*128*lr-0.01,0.09272727370262146
(((conv*2)pool-dropout)*2)fc*1*64*lr-0.01,0.09939394146203995
(((conv*3)bnorm-pool-)*2)fc*2*256*lr-0.01,0.7512121200561523
(((conv*1)bnorm-pool-)*3)fc*0*128*lr-0.001,0.6630303263664246
(((conv*1)pool-dropout)*2)fc*0*128*lr-0.001,0.7157575488090515
(((conv*2)bnorm-pool-)*2)fc*2*256*lr-0.0001,0.6848484873771667
(((conv*3)bnorm-)*3)fc*0*256*lr-0.001,0.6403030157089233
(((conv*3)pool-dropout)*1)fc*0*128*lr-0.0001,0.710303008556366
(((conv*1)bnorm-pool-)*3)fc*2*64*lr-0.0001,0.649696946144104
(((conv*3)pool-)*2)fc*2*256*lr-0.0001,0.6803030371665955
(((conv*1)pool-)*1)fc*2*512*lr-0.001,0.646060585975647
(((conv*2)pool-dropout)*2)fc*1*512*lr-0.0001,0.7718181610107422
(((conv*3)pool-dropout)*2)fc*2*256*lr-0.0001,0.7857576012611389
(((conv*1)pool-)*2)fc*2*512*lr-0.1,0.09575757384300232
(((conv*1))*1)fc*0*256*lr-0.0001,0.6066666841506958
(((conv*3))*2)fc*2*64*lr-0.1,0.09272727370262146
(((conv*2)bnorm-)*3)fc*1*256*lr-0.001,0.7163636088371277
(((conv*2)pool-)*3)fc*0*64*lr-0.001,0.7572727203369141
(((conv*1)bnorm-pool-dropout)*1)fc*0*128*lr-0.1,0.4636363685131073
(((conv*3)pool-dropout)*1)fc*0*512*lr-0.01,0.09787879139184952
(((conv*2))*3)fc*1*512*lr-0.1,0.09787879139184952
(((conv*2))*1)fc*2*64*lr-0.001,0.6139394044876099
(((conv*3)pool-)*3)fc*1*128*lr-0.01,0.09878788143396378
(((conv*1)bnorm-)*1)fc*0*128*lr-0.01,0.42848485708236694
(((conv*1)bnorm-pool-dropout)*1)fc*2*64*lr-0.01,0.5824242234230042
(((conv*2)bnorm-pool-dropout)*3)fc*2*128*lr-0.1,0.09878788143396378
(((conv*3)bnorm-pool-)*2)fc*2*128*lr-0.1,0.09969697147607803
(((conv*1)bnorm-pool-)*3)fc*2*128*lr-0.001,0.721818208694458
(((conv*3)pool-)*3)fc*1*256*lr-0.1,0.09575757384300232
(((conv*2)bnorm-pool-dropout)*1)fc*1*128*lr-0.01,0.09787879139184952
(((conv*1)bnorm-)*2)fc*0*128*lr-0.1,0.4012121260166168
(((conv*3)bnorm-)*1)fc*2*128*lr-0.01,0.5881817936897278
(((conv*2)pool-dropout)*2)fc*1*256*lr-0.0001,0.7836363911628723
(((conv*1))*2)fc*0*64*lr-0.01,0.10969696938991547
(((conv*3)pool-)*1)fc*2*512*lr-0.1,0.09787879139184952
(((conv*1)bnorm-pool-)*3)fc*2*512*lr-0.0001,0.6854545474052429
(((conv*2)pool-)*1)fc*0*512*lr-0.0001,0.6742424368858337
(((conv*1)bnorm-)*3)fc*1*128*lr-0.1,0.10696969926357269
(((conv*1))*2)fc*1*64*lr-0.01,0.10696969926357269
(((conv*1)bnorm-pool-)*1)fc*2*128*lr-0.1,0.10696969926357269
(((conv*2))*2)fc*0*256*lr-0.01,0.09575757384300232
(((conv*3))*1)fc*1*128*lr-0.1,0.09939394146203995
(((conv*3))*2)fc*0*64*lr-0.01,0.09787879139184952
(((conv*1)pool-)*3)fc*1*256*lr-0.0001,0.6984848380088806
(((conv*2)bnorm-pool-)*3)fc*0*256*lr-0.1,0.7415151596069336
(((conv*3))*2)fc*2*128*lr-0.1,0.09787879139184952
(((conv*2)pool-)*2)fc*0*128*lr-0.0001,0.7121211886405945
(((conv*1)bnorm-pool-)*1)fc*1*512*lr-0.1,0.09575757384300232
(((conv*1)bnorm-)*2)fc*2*256*lr-0.1,0.09787879139184952
(((conv*2)bnorm-pool-dropout)*1)fc*1*128*lr-0.1,0.09272727370262146
(((conv*1)bnorm-)*3)fc*0*128*lr-0.1,0.2781818211078644
(((conv*3)bnorm-pool-dropout)*3)fc*1*256*lr-0.0001,0.8506060838699341
(((conv*1))*3)fc*1*512*lr-0.001,0.6536363363265991
(((conv*1)pool-)*2)fc*2*128*lr-0.001,0.6878787875175476
(((conv*1))*2)fc*0*64*lr-0.001,0.6193939447402954
(((conv*1))*1)fc*0*64*lr-0.0001,0.610909104347229
(((conv*2)bnorm-)*2)fc*1*64*lr-0.0001,0.6433333158493042
(((conv*3)bnorm-pool-dropout)*3)fc*0*512*lr-0.001,0.8272727131843567
(((conv*3))*1)fc*2*512*lr-0.001,0.6590909361839294
(((conv*3))*3)fc*0*64*lr-0.1,0.09787879139184952
(((conv*3))*3)fc*2*64*lr-0.001,0.10969696938991547
(((conv*1)bnorm-)*1)fc*0*128*lr-0.001,0.5242424011230469
(((conv*2)bnorm-pool-)*2)fc*0*256*lr-0.0001,0.7012121081352234
(((conv*3)pool-)*3)fc*0*128*lr-0.0001,0.7351515293121338
(((conv*1)pool-)*3)fc*0*64*lr-0.1,0.09787879139184952
(((conv*3)bnorm-pool-)*1)fc*1*512*lr-0.001,0.6784848570823669
(((conv*2)pool-)*3)fc*1*256*lr-0.01,0.09939394146203995
(((conv*2)bnorm-pool-)*3)fc*0*64*lr-0.1,0.753333330154419
(((conv*3)pool-)*1)fc*0*256*lr-0.0001,0.6757575869560242
(((conv*1))*2)fc*0*256*lr-0.0001,0.6487878561019897
(((conv*1)bnorm-)*1)fc*0*512*lr-0.0001,0.5981818437576294
(((conv*3)pool-)*2)fc*2*64*lr-0.1,0.10121212154626846
(((conv*1)bnorm-)*2)fc*0*256*lr-0.01,0.5199999809265137
(((conv*2))*2)fc*2*512*lr-0.1,0.09878788143396378
(((conv*1)bnorm-pool-dropout)*2)fc*0*256*lr-0.0001,0.699696958065033
(((conv*1)bnorm-pool-dropout)*2)fc*0*64*lr-0.01,0.6275757551193237
(((conv*1)pool-dropout)*1)fc*2*128*lr-0.1,0.09272727370262146
(((conv*1)pool-)*2)fc*1*512*lr-0.001,0.7209091186523438
(((conv*2)pool-dropout)*1)fc*2*128*lr-0.1,0.09787879139184952
(((conv*2)bnorm-pool-)*1)fc*0*64*lr-0.001,0.6424242258071899
(((conv*1)bnorm-pool-)*3)fc*0*64*lr-0.1,0.3184848427772522
(((conv*2)bnorm-pool-dropout)*3)fc*2*512*lr-0.001,0.8327272534370422
(((conv*1))*2)fc*1*256*lr-0.01,0.09272727370262146
(((conv*3)bnorm-pool-dropout)*3)fc*2*512*lr-0.0001,0.8321211934089661
(((conv*3)bnorm-pool-dropout)*1)fc*1*64*lr-0.0001,0.706969678401947
(((conv*1)bnorm-)*1)fc*1*64*lr-0.001,0.539696991443634
(((conv*3)bnorm-pool-)*2)fc*2*512*lr-0.01,0.7390909194946289
(((conv*2))*1)fc*2*64*lr-0.0001,0.6406060457229614
(((conv*2))*3)fc*2*128*lr-0.0001,0.6675757765769958
(((conv*3)bnorm-)*3)fc*1*256*lr-0.1,0.10121212154626846
(((conv*3)bnorm-)*3)fc*2*128*lr-0.1,0.09939394146203995
(((conv*3)bnorm-pool-dropout)*3)fc*0*128*lr-0.1,0.18696969747543335
(((conv*1)bnorm-pool-)*1)fc*1*512*lr-0.0001,0.6909090876579285
(((conv*2)bnorm-)*3)fc*2*64*lr-0.0001,0.6666666865348816
(((conv*1))*3)fc*0*128*lr-0.1,0.09272727370262146
(((conv*1)pool-)*3)fc*1*512*lr-0.01,0.5618181824684143
(((conv*2)pool-dropout)*3)fc*0*256*lr-0.01,0.09969697147607803
(((conv*2))*1)fc*1*512*lr-0.1,0.10969696938991547
(((conv*1)bnorm-pool-dropout)*2)fc*2*512*lr-0.001,0.7448484897613525
(((conv*3)bnorm-)*3)fc*2*64*lr-0.001,0.09878788143396378
(((conv*1)pool-dropout)*2)fc*0*64*lr-0.0001,0.642727255821228
(((conv*2)bnorm-pool-)*3)fc*0*128*lr-0.1,0.49636363983154297
(((conv*2)bnorm-pool-)*3)fc*1*128*lr-0.001,0.7984848618507385
(((conv*1)pool-dropout)*3)fc*1*256*lr-0.0001,0.7142423987388611
(((conv*1)bnorm-)*2)fc*0*512*lr-0.0001,0.5984848737716675
(((conv*3)bnorm-)*3)fc*1*256*lr-0.0001,0.6630303263664246
(((conv*1))*2)fc*1*64*lr-0.0001,0.6424242258071899
(((conv*1)pool-dropout)*1)fc*0*64*lr-0.1,0.09939394146203995
(((conv*3)bnorm-)*3)fc*1*64*lr-0.1,0.09878788143396378
(((conv*2)bnorm-pool-)*2)fc*2*512*lr-0.001,0.7739393711090088
(((conv*3)pool-)*3)fc*1*64*lr-0.001,0.7624242305755615
(((conv*2))*1)fc*0*256*lr-0.001,0.6339393854141235
(((conv*3)bnorm-pool-)*3)fc*2*64*lr-0.001,0.8151515126228333
(((conv*1)bnorm-pool-)*1)fc*1*64*lr-0.001,0.5809090733528137
(((conv*3)bnorm-)*2)fc*0*512*lr-0.001,0.7118181586265564
(((conv*3)pool-)*3)fc*2*512*lr-0.1,0.10696969926357269
(((conv*2)bnorm-pool-dropout)*2)fc*0*128*lr-0.1,0.6187878847122192
(((conv*2)bnorm-pool-dropout)*1)fc*1*512*lr-0.0001,0.7339394092559814
(((conv*1))*3)fc*0*64*lr-0.1,0.09878788143396378
(((conv*3))*2)fc*0*256*lr-0.01,0.09939394146203995
(((conv*3)pool-)*2)fc*1*256*lr-0.0001,0.713939368724823
(((conv*1)bnorm-)*2)fc*1*128*lr-0.1,0.10696969926357269
(((conv*2)bnorm-pool-)*1)fc*1*128*lr-0.001,0.6336363554000854
(((conv*3)bnorm-pool-)*2)fc*1*512*lr-0.01,0.7612121105194092
(((conv*3)bnorm-pool-dropout)*1)fc*0*512*lr-0.01,0.6772727370262146
(((conv*2)bnorm-)*3)fc*0*256*lr-0.001,0.6066666841506958
(((conv*2)bnorm-pool-dropout)*1)fc*1*128*lr-0.001,0.7239394187927246
(((conv*1)pool-dropout)*2)fc*0*512*lr-0.1,0.09878788143396378
(((conv*1)bnorm-pool-dropout)*2)fc*2*256*lr-0.001,0.7066666483879089
(((conv*1))*3)fc*0*512*lr-0.01,0.09272727370262146
(((conv*2)bnorm-)*3)fc*2*512*lr-0.01,0.24727272987365723
(((conv*1)bnorm-)*1)fc*0*256*lr-0.0001,0.5751515030860901
(((conv*3))*2)fc*1*512*lr-0.01,0.09969697147607803
(((conv*1))*2)fc*1*64*lr-0.1,0.10969696938991547
(((conv*1))*2)fc*1*128*lr-0.1,0.09969697147607803
(((conv*2))*1)fc*2*128*lr-0.01,0.4866666793823242
(((conv*3))*2)fc*2*256*lr-0.1,0.10121212154626846
(((conv*3))*1)fc*0*256*lr-0.0001,0.6657575964927673
(((conv*2)pool-dropout)*1)fc*0*128*lr-0.001,0.7339394092559814
(((conv*2)bnorm-)*2)fc*2*128*lr-0.01,0.09787879139184952
(((conv*2)bnorm-)*1)fc*2*256*lr-0.0001,0.6590909361839294
(((conv*3)pool-dropout)*2)fc*2*128*lr-0.01,0.09575757384300232
(((conv*2))*2)fc*2*128*lr-0.001,0.6424242258071899
(((conv*3)pool-)*2)fc*2*512*lr-0.01,0.10121212154626846
(((conv*3)pool-dropout)*3)fc*2*512*lr-0.001,0.10696969926357269
(((conv*3)bnorm-pool-dropout)*2)fc*1*256*lr-0.1,0.09272727370262146
(((conv*2))*3)fc*1*64*lr-0.0001,0.6618182063102722
(((conv*3)bnorm-pool-)*3)fc*1*512*lr-0.001,0.8454545736312866
(((conv*3)bnorm-pool-)*1)fc*1*256*lr-0.1,0.09939394146203995
(((conv*1)bnorm-pool-dropout)*3)fc*1*256*lr-0.1,0.10969696938991547
(((conv*2)bnorm-)*1)fc*1*64*lr-0.001,0.5751515030860901
(((conv*3)bnorm-pool-)*3)fc*2*128*lr-0.001,0.8448485136032104
(((conv*2)pool-dropout)*1)fc*1*64*lr-0.01,0.45363637804985046
(((conv*3)bnorm-)*3)fc*1*128*lr-0.01,0.09939394146203995
(((conv*3)pool-)*3)fc*2*256*lr-0.001,0.7545454502105713
(((conv*3)pool-dropout)*3)fc*0*256*lr-0.0001,0.8254545331001282
(((conv*2)bnorm-)*1)fc*2*256*lr-0.01,0.5906060338020325
(((conv*3))*1)fc*0*256*lr-0.001,0.6478787660598755
(((conv*2)pool-)*3)fc*0*512*lr-0.001,0.7684848308563232
(((conv*3)bnorm-pool-)*2)fc*2*512*lr-0.0001,0.7060605883598328
(((conv*3)bnorm-pool-)*2)fc*0*64*lr-0.001,0.8027272820472717
(((conv*1))*2)fc*2*128*lr-0.0001,0.632121205329895
(((conv*1))*2)fc*2*256*lr-0.01,0.3927272856235504
(((conv*1)pool-dropout)*3)fc*2*64*lr-0.001,0.7851515412330627
(((conv*3))*2)fc*2*128*lr-0.01,0.09272727370262146
(((conv*1)bnorm-)*2)fc*0*512*lr-0.001,0.5718181729316711
(((conv*3)pool-)*3)fc*1*512*lr-0.001,0.7551515102386475
(((conv*3)pool-dropout)*3)fc*2*256*lr-0.01,0.09272727370262146
(((conv*3)pool-dropout)*3)fc*0*512*lr-0.1,0.09787879139184952
(((conv*1)bnorm-pool-)*3)fc*2*128*lr-0.1,0.09575757384300232
(((conv*1)pool-dropout)*1)fc*2*64*lr-0.0001,0.6748484969139099
(((conv*2)bnorm-pool-)*1)fc*0*64*lr-0.1,0.47999998927116394
(((conv*3)bnorm-)*2)fc*1*64*lr-0.001,0.09939394146203995
(((conv*1)bnorm-pool-)*1)fc*1*256*lr-0.1,0.09878788143396378
(((conv*1)pool-)*3)fc*2*128*lr-0.001,0.7275757789611816
(((conv*1)bnorm-)*3)fc*1*512*lr-0.1,0.09969697147607803
(((conv*3))*1)fc*1*64*lr-0.1,0.09272727370262146
(((conv*1))*1)fc*2*512*lr-0.1,0.10121212154626846
(((conv*3)bnorm-pool-dropout)*2)fc*0*64*lr-0.01,0.7881818413734436
(((conv*1)pool-dropout)*2)fc*1*256*lr-0.1,0.09939394146203995
(((conv*2)bnorm-pool-)*3)fc*0*128*lr-0.01,0.7560606002807617
(((conv*1)bnorm-pool-dropout)*3)fc*2*128*lr-0.0001,0.7584848403930664
(((conv*2)bnorm-pool-dropout)*2)fc*0*256*lr-0.001,0.8175757527351379
(((conv*1))*3)fc*2*64*lr-0.001,0.6336363554000854
(((conv*1)bnorm-)*1)fc*0*512*lr-0.01,0.3893939256668091
(((conv*3)pool-dropout)*1)fc*2*64*lr-0.0001,0.7081817984580994
(((conv*1)bnorm-pool-)*1)fc*0*256*lr-0.1,0.44303029775619507
(((conv*2))*3)fc*2*256*lr-0.01,0.09878788143396378
(((conv*1)pool-dropout)*2)fc*1*64*lr-0.0001,0.6754545569419861
(((conv*1)pool-)*1)fc*1*256*lr-0.001,0.6475757360458374
(((conv*2))*2)fc*1*128*lr-0.0001,0.6590909361839294
(((conv*1)bnorm-pool-dropout)*2)fc*0*128*lr-0.0001,0.7027272582054138
(((conv*3)bnorm-pool-dropout)*1)fc*2*256*lr-0.1,0.09272727370262146
(((conv*1)bnorm-)*1)fc*0*64*lr-0.1,0.35818180441856384
(((conv*1)bnorm-)*1)fc*1*128*lr-0.0001,0.6057575941085815
(((conv*1)pool-)*3)fc*1*128*lr-0.1,0.09878788143396378
(((conv*1))*3)fc*0*512*lr-0.1,0.09272727370262146
(((conv*1)bnorm-pool-)*2)fc*0*128*lr-0.1,0.603939414024353
(((conv*2)pool-)*3)fc*1*128*lr-0.01,0.09878788143396378
(((conv*2)pool-dropout)*2)fc*0*256*lr-0.0001,0.7609090805053711
(((conv*3)bnorm-)*1)fc*1*64*lr-0.0001,0.6339393854141235
(((conv*2))*3)fc*0*512*lr-0.0001,0.6803030371665955
(((conv*1)bnorm-)*1)fc*1*128*lr-0.001,0.5669696927070618
(((conv*2)bnorm-pool-)*3)fc*1*256*lr-0.001,0.7984848618507385
(((conv*1)bnorm-)*2)fc*2*256*lr-0.001,0.5899999737739563
(((conv*2)bnorm-)*3)fc*1*64*lr-0.01,0.09272727370262146
(((conv*3)pool-)*2)fc*0*512*lr-0.001,0.7766666412353516
(((conv*1))*2)fc*1*512*lr-0.001,0.6242424249649048
(((conv*1)bnorm-)*1)fc*0*64*lr-0.0001,0.5945454835891724
(((conv*2)bnorm-)*1)fc*2*512*lr-0.1,0.09939394146203995
(((conv*2)bnorm-)*3)fc*1*64*lr-0.1,0.09969697147607803
(((conv*3)bnorm-)*1)fc*2*128*lr-0.1,0.09575757384300232
(((conv*3)bnorm-pool-)*1)fc*2*512*lr-0.01,0.39848485589027405
(((conv*3)bnorm-pool-dropout)*1)fc*2*128*lr-0.01,0.10121212154626846
(((conv*3)bnorm-)*2)fc*1*256*lr-0.0001,0.6778787970542908
(((conv*1)pool-dropout)*2)fc*0*512*lr-0.01,0.5372727513313293
(((conv*2)bnorm-pool-dropout)*1)fc*0*64*lr-0.0001,0.7057575583457947
(((conv*1)pool-)*3)fc*0*256*lr-0.01,0.6112121343612671
(((conv*3)bnorm-pool-)*1)fc*2*256*lr-0.001,0.6851515173912048
(((conv*1)pool-dropout)*3)fc*1*64*lr-0.01,0.3612121343612671
(((conv*2)bnorm-pool-)*1)fc*0*128*lr-0.001,0.6069697141647339
(((conv*2)pool-)*1)fc*1*512*lr-0.1,0.10121212154626846
(((conv*3)bnorm-)*3)fc*2*256*lr-0.0001,0.6169697046279907
(((conv*2)bnorm-)*1)fc*0*128*lr-0.1,0.3712121248245239
(((conv*1)pool-)*2)fc*1*512*lr-0.01,0.5390909314155579
(((conv*2)pool-)*3)fc*0*64*lr-0.1,0.09787879139184952
(((conv*1)pool-)*1)fc*0*512*lr-0.0001,0.6263636350631714
(((conv*1)bnorm-pool-)*1)fc*0*128*lr-0.1,0.45363637804985046
(((conv*1)bnorm-pool-)*1)fc*0*512*lr-0.01,0.5987879037857056
(((conv*1)bnorm-pool-dropout)*3)fc*1*128*lr-0.001,0.7881818413734436
(((conv*2))*3)fc*1*128*lr-0.0001,0.6830303072929382
(((conv*1)bnorm-pool-)*1)fc*0*64*lr-0.0001,0.6336363554000854
(((conv*3)pool-dropout)*3)fc*2*256*lr-0.001,0.8012121319770813
(((conv*3))*3)fc*2*256*lr-0.01,0.09878788143396378
(((conv*2))*1)fc*0*512*lr-0.01,0.44818180799484253
(((conv*2))*3)fc*2*64*lr-0.1,0.09939394146203995
(((conv*2)bnorm-)*3)fc*2*64*lr-0.001,0.6884848475456238
(((conv*2)pool-)*1)fc*0*256*lr-0.0001,0.6669697165489197
(((conv*3)pool-)*3)fc*2*128*lr-0.001,0.7506060600280762
(((conv*1)bnorm-)*1)fc*0*256*lr-0.01,0.4166666567325592
(((conv*3)pool-)*2)fc*0*128*lr-0.0001,0.7336363792419434
(((conv*1))*2)fc*0*256*lr-0.01,0.4890909194946289
(((conv*1)pool-)*2)fc*1*128*lr-0.001,0.6887878775596619
(((conv*3)bnorm-pool-)*1)fc*1*64*lr-0.001,0.6851515173912048
(((conv*3)pool-)*2)fc*0*64*lr-0.001,0.7609090805053711
(((conv*3)bnorm-pool-)*2)fc*0*512*lr-0.0001,0.6796969771385193
(((conv*1))*2)fc*2*64*lr-0.0001,0.6484848260879517
(((conv*3)bnorm-)*2)fc*2*256*lr-0.0001,0.6630303263664246
(((conv*2)pool-dropout)*1)fc*1*512*lr-0.1,0.09787879139184952
(((conv*3)bnorm-)*1)fc*1*256*lr-0.001,0.635757565498352
(((conv*2)bnorm-pool-)*1)fc*1*512*lr-0.001,0.6566666960716248
(((conv*3))*3)fc*0*64*lr-0.0001,0.6890909075737
(((conv*1))*3)fc*2*64*lr-0.1,0.09878788143396378
(((conv*3)pool-dropout)*2)fc*0*128*lr-0.1,0.09787879139184952
(((conv*1))*3)fc*0*512*lr-0.0001,0.6581818461418152
(((conv*1))*1)fc*0*128*lr-0.0001,0.6093939542770386
(((conv*2)pool-)*3)fc*0*512*lr-0.1,0.09878788143396378
(((conv*3))*1)fc*2*512*lr-0.01,0.4396969676017761
(((conv*2)pool-dropout)*1)fc*2*512*lr-0.001,0.710303008556366
(((conv*2)bnorm-)*1)fc*0*64*lr-0.01,0.5363636612892151
(((conv*3)pool-)*1)fc*0*512*lr-0.01,0.5287878513336182
(((conv*3)pool-)*2)fc*1*256*lr-0.001,0.7427272796630859
(((conv*3)bnorm-pool-)*3)fc*0*128*lr-0.001,0.7987878918647766
(((conv*2)pool-dropout)*2)fc*0*128*lr-0.001,0.8193939328193665
(((conv*1))*3)fc*0*256*lr-0.01,0.09878788143396378
(((conv*3))*1)fc*0*512*lr-0.0001,0.6703030467033386
(((conv*3)pool-)*2)fc*0*64*lr-0.01,0.09969697147607803
(((conv*2)bnorm-)*3)fc*2*128*lr-0.001,0.7036363482475281
(((conv*3)bnorm-)*2)fc*0*512*lr-0.01,0.5860605835914612
(((conv*1)pool-dropout)*3)fc*1*512*lr-0.001,0.7890909314155579
(((conv*3)pool-)*3)fc*1*64*lr-0.1,0.09272727370262146
(((conv*2)bnorm-)*1)fc*0*64*lr-0.1,0.378484845161438
(((conv*1)pool-)*1)fc*0*128*lr-0.1,0.09939394146203995
(((conv*1))*3)fc*0*128*lr-0.0001,0.6793939471244812
(((conv*1))*3)fc*1*512*lr-0.0001,0.6621212363243103
(((conv*1))*3)fc*1*128*lr-0.001,0.6557575464248657
(((conv*2))*3)fc*0*512*lr-0.001,0.6684848666191101
(((conv*2)pool-dropout)*3)fc*0*64*lr-0.001,0.831818163394928
(((conv*2)bnorm-pool-dropout)*1)fc*1*512*lr-0.001,0.7306060791015625
(((conv*3)pool-)*3)fc*2*128*lr-0.01,0.10969696938991547
(((conv*2))*1)fc*0*512*lr-0.001,0.6157575845718384
(((conv*1)bnorm-)*1)fc*1*512*lr-0.01,0.48363634943962097
(((conv*2)bnorm-pool-)*2)fc*2*512*lr-0.0001,0.7315151691436768
(((conv*2)bnorm-pool-)*3)fc*2*256*lr-0.1,0.10121212154626846
(((conv*3)bnorm-)*3)fc*1*64*lr-0.0001,0.6242424249649048
(((conv*1)pool-)*3)fc*1*512*lr-0.001,0.7239394187927246
(((conv*1)bnorm-)*1)fc*1*256*lr-0.1,0.09969697147607803
(((conv*1))*1)fc*0*128*lr-0.1,0.09787879139184952
(((conv*2)pool-dropout)*2)fc*0*256*lr-0.1,0.09787879139184952
(((conv*3)bnorm-pool-dropout)*1)fc*1*256*lr-0.01,0.13848485052585602
(((conv*3)pool-dropout)*3)fc*0*256*lr-0.001,0.8266666531562805
(((conv*2)pool-dropout)*2)fc*0*512*lr-0.001,0.8057575821876526
(((conv*2)bnorm-pool-)*3)fc*0*512*lr-0.0001,0.689393937587738
(((conv*3)bnorm-pool-)*2)fc*2*256*lr-0.0001,0.7469696998596191
(((conv*3))*3)fc*0*512*lr-0.0001,0.6909090876579285
(((conv*2)pool-)*1)fc*1*128*lr-0.1,0.09787879139184952
(((conv*2)bnorm-pool-dropout)*3)fc*0*512*lr-0.01,0.8545454740524292
(((conv*2)bnorm-pool-dropout)*3)fc*2*64*lr-0.1,0.09939394146203995
(((conv*2)bnorm-)*1)fc*2*64*lr-0.0001,0.6266666650772095
(((conv*3)bnorm-pool-dropout)*3)fc*0*64*lr-0.001,0.8293939232826233
(((conv*2)bnorm-pool-)*2)fc*1*128*lr-0.1,0.10121212154626846
(((conv*3)pool-dropout)*1)fc*1*256*lr-0.001,0.7384848594665527
(((conv*2)pool-)*1)fc*0*256*lr-0.001,0.6518181562423706
(((conv*1)bnorm-pool-)*2)fc*2*128*lr-0.1,0.09575757384300232
(((conv*3)bnorm-pool-)*1)fc*2*128*lr-0.1,0.09969697147607803
(((conv*3)bnorm-)*2)fc*1*512*lr-0.001,0.6863636374473572
(((conv*1)pool-dropout)*3)fc*2*128*lr-0.1,0.09939394146203995
(((conv*2)pool-dropout)*3)fc*0*128*lr-0.001,0.8451515436172485
(((conv*3)bnorm-)*2)fc*2*128*lr-0.1,0.09969697147607803
(((conv*2)bnorm-pool-)*3)fc*2*256*lr-0.001,0.7972727417945862
(((conv*3))*1)fc*2*512*lr-0.0001,0.664545476436615
(((conv*2)bnorm-pool-dropout)*3)fc*2*256*lr-0.01,0.8048484921455383
(((conv*1)bnorm-pool-dropout)*3)fc*2*512*lr-0.01,0.6572727560997009
(((conv*1)bnorm-)*2)fc*1*128*lr-0.01,0.10121212154626846
(((conv*3)bnorm-)*1)fc*0*512*lr-0.0001,0.6345454454421997
(((conv*3))*2)fc*0*512*lr-0.0001,0.6784848570823669
(((conv*2))*2)fc*1*512*lr-0.0001,0.6739394068717957
(((conv*2)bnorm-pool-dropout)*3)fc*1*128*lr-0.0001,0.8336363434791565
(((conv*1)bnorm-pool-dropout)*2)fc*1*64*lr-0.0001,0.7115151286125183
(((conv*3)pool-dropout)*3)fc*2*512*lr-0.01,0.09969697147607803
(((conv*2))*2)fc*2*64*lr-0.0001,0.6587879061698914
(((conv*3)bnorm-)*1)fc*0*64*lr-0.001,0.6639394164085388
(((conv*1)pool-)*1)fc*0*512*lr-0.1,0.09939394146203995
(((conv*2)bnorm-pool-dropout)*2)fc*1*64*lr-0.001,0.8199999928474426
(((conv*3)bnorm-)*3)fc*2*64*lr-0.01,0.09939394146203995
(((conv*2)bnorm-)*1)fc*1*128*lr-0.001,0.5575757622718811
(((conv*3)bnorm-pool-)*3)fc*2*64*lr-0.0001,0.7415151596069336
(((conv*1)pool-)*1)fc*0*128*lr-0.01,0.47575756907463074
(((conv*1)bnorm-)*2)fc*2*64*lr-0.1,0.09272727370262146
(((conv*2)bnorm-)*3)fc*1*512*lr-0.01,0.10696969926357269
(((conv*2)bnorm-)*1)fc*1*512*lr-0.01,0.39424243569374084
(((conv*3)bnorm-pool-dropout)*2)fc*0*256*lr-0.001,0.8412120938301086
(((conv*2)bnorm-)*2)fc*0*512*lr-0.0001,0.6315151453018188
(((conv*2)pool-dropout)*1)fc*0*256*lr-0.001,0.71757572889328
(((conv*3)bnorm-)*2)fc*0*128*lr-0.1,0.11909090727567673
(((conv*2)bnorm-pool-dropout)*1)fc*2*256*lr-0.01,0.6206060647964478
(((conv*1)bnorm-)*1)fc*2*64*lr-0.1,0.09272727370262146
(((conv*2)bnorm-)*1)fc*0*128*lr-0.0001,0.6015151739120483
(((conv*1)bnorm-pool-dropout)*2)fc*0*128*lr-0.001,0.6736363768577576
(((conv*2)bnorm-)*1)fc*1*512*lr-0.1,0.09787879139184952
(((conv*3)bnorm-pool-)*3)fc*1*256*lr-0.01,0.7890909314155579
(((conv*1)bnorm-pool-dropout)*1)fc*1*256*lr-0.0001,0.6909090876579285
(((conv*3)bnorm-pool-)*1)fc*0*128*lr-0.0001,0.6545454263687134
(((conv*1)bnorm-pool-dropout)*1)fc*1*128*lr-0.1,0.10696969926357269
(((conv*3)pool-)*2)fc*0*256*lr-0.01,0.10121212154626846
(((conv*2)pool-dropout)*3)fc*1*64*lr-0.0001,0.7975757718086243
(((conv*2)pool-dropout)*3)fc*0*256*lr-0.0001,0.8030303120613098
(((conv*3)bnorm-)*2)fc*2*256*lr-0.01,0.09969697147607803
(((conv*2)bnorm-pool-dropout)*3)fc*0*512*lr-0.1,0.7206060886383057
(((conv*1)bnorm-pool-dropout)*3)fc*1*128*lr-0.0001,0.7436363697052002
(((conv*2)bnorm-)*2)fc*1*256*lr-0.01,0.09787879139184952
(((conv*2))*3)fc*0*256*lr-0.0001,0.6742424368858337
(((conv*2)bnorm-pool-)*2)fc*1*128*lr-0.001,0.7348484992980957
(((conv*1)bnorm-pool-dropout)*1)fc*1*512*lr-0.0001,0.7036363482475281
(((conv*2)pool-)*3)fc*2*256*lr-0.001,0.7718181610107422
(((conv*2)bnorm-)*1)fc*0*256*lr-0.01,0.5581818222999573
(((conv*3)bnorm-)*3)fc*0*512*lr-0.0001,0.6151515245437622
(((conv*2)pool-)*3)fc*1*64*lr-0.1,0.10969696938991547
(((conv*2)bnorm-)*1)fc*2*512*lr-0.001,0.6360605955123901
(((conv*3)pool-dropout)*2)fc*2*256*lr-0.1,0.09787879139184952
(((conv*3)bnorm-)*1)fc*2*256*lr-0.1,0.09939394146203995
(((conv*2)bnorm-pool-)*2)fc*0*256*lr-0.01,0.7306060791015625
(((conv*1)bnorm-pool-dropout)*3)fc*0*128*lr-0.1,0.41090908646583557
(((conv*3)bnorm-pool-)*2)fc*2*128*lr-0.01,0.7612121105194092
(((conv*2)bnorm-)*3)fc*0*128*lr-0.001,0.6160606145858765
(((conv*1)bnorm-pool-)*1)fc*2*64*lr-0.1,0.09969697147607803
(((conv*3))*1)fc*2*128*lr-0.1,0.10121212154626846
(((conv*2))*3)fc*1*512*lr-0.0001,0.6899999976158142
(((conv*2)bnorm-)*3)fc*2*128*lr-0.1,0.09787879139184952
(((conv*2)pool-dropout)*1)fc*2*64*lr-0.1,0.09575757384300232
(((conv*2)bnorm-pool-)*3)fc*2*64*lr-0.001,0.7951515316963196
(((conv*2)bnorm-)*3)fc*1*512*lr-0.1,0.10969696938991547
(((conv*3)pool-dropout)*3)fc*0*128*lr-0.1,0.10121212154626846
(((conv*1)bnorm-pool-)*2)fc*2*256*lr-0.0001,0.6636363863945007
(((conv*2)pool-dropout)*3)fc*0*512*lr-0.001,0.831818163394928
(((conv*3)bnorm-pool-dropout)*2)fc*2*64*lr-0.01,0.6166666746139526
(((conv*1)bnorm-pool-dropout)*1)fc*1*64*lr-0.0001,0.6706060767173767
(((conv*1)bnorm-pool-dropout)*2)fc*1*64*lr-0.01,0.6469696760177612
(((conv*2)bnorm-pool-dropout)*3)fc*0*128*lr-0.0001,0.8366666436195374
(((conv*2)pool-)*1)fc*2*128*lr-0.01,0.4784848392009735
(((conv*3)pool-dropout)*2)fc*1*256*lr-0.001,0.8148484826087952
(((conv*3)bnorm-pool-)*2)fc*0*128*lr-0.1,0.45575758814811707
(((conv*2)pool-)*3)fc*2*512*lr-0.01,0.09969697147607803
(((conv*3))*2)fc*1*512*lr-0.1,0.09878788143396378
(((conv*3)bnorm-)*3)fc*0*256*lr-0.1,0.24909090995788574
(((conv*1))*2)fc*2*512*lr-0.1,0.09787879139184952
(((conv*2)bnorm-)*1)fc*1*64*lr-0.01,0.10121212154626846
(((conv*2))*1)fc*0*256*lr-0.0001,0.6469696760177612
(((conv*3)bnorm-)*3)fc*0*64*lr-0.01,0.3118181824684143
(((conv*3)bnorm-pool-)*3)fc*0*128*lr-0.1,0.34454545378685
(((conv*3)bnorm-)*2)fc*1*128*lr-0.001,0.6693939566612244
(((conv*2))*3)fc*2*128*lr-0.001,0.6724242568016052
(((conv*1)pool-)*3)fc*0*64*lr-0.001,0.7327272891998291
(((conv*2)bnorm-pool-)*2)fc*2*256*lr-0.01,0.7381818294525146
(((conv*2)bnorm-)*3)fc*2*512*lr-0.0001,0.6666666865348816
(((conv*1)pool-)*1)fc*1*64*lr-0.0001,0.6615151762962341
(((conv*3)bnorm-pool-)*1)fc*1*512*lr-0.0001,0.7042424082756042
(((conv*1)pool-)*2)fc*2*64*lr-0.01,0.10969696938991547
(((conv*2)pool-)*1)fc*2*128*lr-0.001,0.6615151762962341
(((conv*2)bnorm-pool-)*3)fc*2*64*lr-0.1,0.09787879139184952
(((conv*2)bnorm-pool-dropout)*3)fc*2*512*lr-0.1,0.10969696938991547
(((conv*2))*3)fc*0*256*lr-0.01,0.10121212154626846
(((conv*2)bnorm-)*3)fc*1*128*lr-0.1,0.09787879139184952
(((conv*1)pool-dropout)*3)fc*2*256*lr-0.01,0.09575757384300232
(((conv*3))*1)fc*1*256*lr-0.1,0.09575757384300232
(((conv*2)pool-dropout)*3)fc*1*512*lr-0.01,0.10696969926357269
(((conv*1)bnorm-)*1)fc*1*128*lr-0.1,0.09272727370262146
(((conv*3))*1)fc*1*256*lr-0.0001,0.657575786113739
(((conv*3)pool-dropout)*3)fc*0*64*lr-0.1,0.10121212154626846
(((conv*2)bnorm-pool-)*3)fc*1*512*lr-0.1,0.10121212154626846
(((conv*2))*1)fc*1*64*lr-0.0001,0.6336363554000854
(((conv*1)pool-dropout)*1)fc*2*256*lr-0.1,0.09878788143396378
(((conv*1))*1)fc*1*64*lr-0.0001,0.6172727346420288
(((conv*3)bnorm-pool-dropout)*3)fc*2*256*lr-0.001,0.8606060743331909
(((conv*2)bnorm-pool-)*2)fc*0*64*lr-0.01,0.7454545497894287
(((conv*1))*3)fc*1*256*lr-0.01,0.4290909171104431
(((conv*1)pool-)*3)fc*1*64*lr-0.1,0.10696969926357269
(((conv*1)pool-)*3)fc*0*512*lr-0.1,0.09272727370262146
(((conv*2)bnorm-)*3)fc*1*64*lr-0.001,0.6863636374473572
(((conv*1)pool-dropout)*1)fc*2*512*lr-0.01,0.09272727370262146
(((conv*2)pool-dropout)*2)fc*1*64*lr-0.001,0.8024242520332336
(((conv*1)pool-dropout)*2)fc*1*128*lr-0.0001,0.7045454382896423
(((conv*2))*3)fc*2*512*lr-0.01,0.09787879139184952
(((conv*3)pool-dropout)*1)fc*2*128*lr-0.0001,0.7154545187950134
(((conv*1))*1)fc*1*256*lr-0.01,0.10696969926357269
(((conv*3))*3)fc*1*128*lr-0.001,0.6454545259475708
(((conv*2)pool-dropout)*1)fc*2*64*lr-0.01,0.40909090638160706
(((conv*1)bnorm-)*2)fc*2*512*lr-0.001,0.6281818151473999
(((conv*1))*3)fc*1*64*lr-0.001,0.6396969556808472
(((conv*3)bnorm-pool-dropout)*3)fc*0*512*lr-0.0001,0.8478788137435913
(((conv*2)bnorm-)*2)fc*1*128*lr-0.0001,0.6672727465629578
(((conv*3))*2)fc*1*256*lr-0.001,0.6733333468437195
(((conv*1))*2)fc*0*128*lr-0.01,0.10121212154626846
(((conv*1)bnorm-pool-dropout)*1)fc*1*64*lr-0.01,0.09272727370262146
(((conv*3)bnorm-pool-)*3)fc*0*128*lr-0.0001,0.7336363792419434
(((conv*1)bnorm-)*1)fc*2*128*lr-0.001,0.5742424130439758
(((conv*1)bnorm-pool-dropout)*2)fc*1*64*lr-0.1,0.10121212154626846
(((conv*1)pool-)*2)fc*2*256*lr-0.01,0.4872727394104004
(((conv*2)pool-dropout)*2)fc*1*512*lr-0.1,0.09272727370262146
(((conv*3)bnorm-)*2)fc*0*256*lr-0.1,0.324848473072052
(((conv*3)bnorm-pool-)*1)fc*0*512*lr-0.01,0.6169697046279907
(((conv*2)pool-dropout)*1)fc*2*64*lr-0.001,0.6899999976158142
(((conv*1)pool-)*2)fc*1*256*lr-0.01,0.4724242389202118
(((conv*3))*3)fc*2*128*lr-0.001,0.09969697147607803
(((conv*1)bnorm-pool-dropout)*2)fc*2*64*lr-0.01,0.6969696879386902
(((conv*1)bnorm-)*2)fc*2*128*lr-0.0001,0.6293939352035522
(((conv*3))*2)fc*0*64*lr-0.001,0.6766666769981384
(((conv*2))*1)fc*0*128*lr-0.001,0.6133333444595337
(((conv*3)bnorm-pool-)*1)fc*0*512*lr-0.0001,0.6327272653579712
(((conv*2))*2)fc*0*128*lr-0.01,0.09878788143396378
(((conv*3)bnorm-pool-dropout)*2)fc*1*64*lr-0.0001,0.8303030133247375
(((conv*2))*1)fc*1*256*lr-0.001,0.6339393854141235
(((conv*3)bnorm-)*1)fc*2*64*lr-0.01,0.09787879139184952
(((conv*3))*3)fc*0*256*lr-0.01,0.09969697147607803
(((conv*1)bnorm-pool-)*3)fc*1*128*lr-0.0001,0.6763636469841003
(((conv*3)bnorm-)*1)fc*1*256*lr-0.0001,0.6842424273490906
(((conv*2)pool-dropout)*2)fc*1*256*lr-0.01,0.3372727334499359
(((conv*3))*2)fc*1*256*lr-0.01,0.09939394146203995
(((conv*2)pool-dropout)*3)fc*2*128*lr-0.0001,0.8112121224403381
(((conv*2)pool-dropout)*2)fc*0*128*lr-0.0001,0.76424241065979
(((conv*3)bnorm-pool-dropout)*3)fc*1*512*lr-0.001,0.8696969747543335
(((conv*2)pool-dropout)*1)fc*1*64*lr-0.1,0.09575757384300232
(((conv*2)bnorm-)*2)fc*2*64*lr-0.001,0.664545476436615
(((conv*2)bnorm-pool-)*3)fc*1*256*lr-0.1,0.10969696938991547
(((conv*1)pool-dropout)*2)fc*2*64*lr-0.1,0.09575757384300232
(((conv*3)bnorm-pool-dropout)*1)fc*1*256*lr-0.001,0.7572727203369141
(((conv*3)bnorm-)*2)fc*0*64*lr-0.0001,0.6372727155685425
(((conv*3)bnorm-pool-)*3)fc*0*512*lr-0.0001,0.7478787899017334
(((conv*2)pool-dropout)*3)fc*1*128*lr-0.01,0.09272727370262146
(((conv*2)bnorm-pool-dropout)*2)fc*1*512*lr-0.001,0.8078787922859192
(((conv*2)bnorm-)*2)fc*0*256*lr-0.01,0.5663636326789856
(((conv*3)bnorm-)*1)fc*1*256*lr-0.1,0.10969696938991547
(((conv*1))*3)fc*2*512*lr-0.0001,0.6527272462844849
(((conv*2))*3)fc*0*128*lr-0.0001,0.6796969771385193
(((conv*2)bnorm-)*1)fc*1*256*lr-0.0001,0.6569697260856628
(((conv*2)pool-)*2)fc*1*128*lr-0.001,0.7445454597473145
(((conv*3)bnorm-pool-dropout)*3)fc*2*256*lr-0.0001,0.8309090733528137
(((conv*1)bnorm-pool-dropout)*3)fc*1*256*lr-0.01,0.7227272987365723
(((conv*3)bnorm-pool-)*2)fc*2*64*lr-0.001,0.7866666913032532
(((conv*3)pool-dropout)*1)fc*0*128*lr-0.001,0.7481818199157715
(((conv*2))*1)fc*0*128*lr-0.0001,0.6548484563827515
(((conv*3)bnorm-pool-dropout)*2)fc*2*64*lr-0.1,0.09878788143396378
(((conv*3)bnorm-pool-)*2)fc*2*128*lr-0.0001,0.7157575488090515
(((conv*1)bnorm-)*2)fc*2*128*lr-0.01,0.4375757575035095
(((conv*2)bnorm-)*1)fc*1*256*lr-0.01,0.10969696938991547
(((conv*1)bnorm-pool-dropout)*1)fc*2*256*lr-0.1,0.09969697147607803
(((conv*3)bnorm-)*1)fc*2*512*lr-0.0001,0.6778787970542908
(((conv*1)bnorm-)*3)fc*0*64*lr-0.001,0.5945454835891724
(((conv*3)bnorm-pool-dropout)*3)fc*2*512*lr-0.1,0.10696969926357269
(((conv*3)bnorm-pool-dropout)*3)fc*2*256*lr-0.1,0.09787879139184952
(((conv*1))*2)fc*0*128*lr-0.1,0.09575757384300232
(((conv*3)bnorm-pool-)*3)fc*1*128*lr-0.1,0.09272727370262146
(((conv*1)bnorm-)*2)fc*0*64*lr-0.0001,0.6030303239822388
(((conv*1))*2)fc*2*256*lr-0.001,0.6406060457229614
(((conv*3)bnorm-pool-)*3)fc*2*64*lr-0.1,0.09969697147607803
(((conv*3)bnorm-pool-)*1)fc*2*256*lr-0.1,0.09787879139184952
(((conv*1)bnorm-pool-dropout)*3)fc*1*64*lr-0.0001,0.48606061935424805
(((conv*2)pool-dropout)*3)fc*2*256*lr-0.1,0.10969696938991547
(((conv*3)bnorm-)*1)fc*1*512*lr-0.0001,0.6687878966331482
(((conv*3)bnorm-pool-dropout)*2)fc*2*256*lr-0.01,0.24969696998596191
(((conv*2)pool-)*2)fc*1*256*lr-0.01,0.09939394146203995
(((conv*1)bnorm-pool-dropout)*3)fc*1*256*lr-0.001,0.7772727012634277
(((conv*2)bnorm-)*2)fc*0*64*lr-0.0001,0.6387878656387329
(((conv*2)bnorm-)*1)fc*2*256*lr-0.1,0.09939394146203995
(((conv*3)bnorm-pool-dropout)*3)fc*2*512*lr-0.001,0.8463636636734009
(((conv*2)pool-dropout)*3)fc*1*128*lr-0.0001,0.8006060719490051
(((conv*3)bnorm-)*2)fc*2*64*lr-0.001,0.6896969676017761
(((conv*2)pool-dropout)*3)fc*2*256*lr-0.01,0.10121212154626846
(((conv*3)bnorm-)*2)fc*2*128*lr-0.01,0.09939394146203995
(((conv*2)pool-dropout)*3)fc*2*64*lr-0.01,0.10969696938991547
(((conv*3)bnorm-pool-dropout)*2)fc*2*128*lr-0.01,0.10696969926357269
(((conv*2)bnorm-pool-dropout)*2)fc*1*256*lr-0.001,0.8303030133247375
(((conv*3)bnorm-pool-dropout)*3)fc*2*256*lr-0.01,0.09969697147607803
(((conv*3)bnorm-pool-)*2)fc*1*512*lr-0.001,0.7815151810646057
(((conv*1)bnorm-)*2)fc*0*512*lr-0.01,0.5154545307159424
(((conv*2)pool-dropout)*3)fc*2*512*lr-0.001,0.8057575821876526
(((conv*2)pool-dropout)*1)fc*0*256*lr-0.0001,0.6860606074333191
(((conv*1)pool-dropout)*1)fc*2*256*lr-0.001,0.6672727465629578
(((conv*2)bnorm-pool-)*2)fc*1*256*lr-0.001,0.7666666507720947
(((conv*3)bnorm-)*2)fc*2*64*lr-0.01,0.2584848403930664
(((conv*3)bnorm-pool-dropout)*2)fc*0*128*lr-0.001,0.8351514935493469
(((conv*1)pool-dropout)*1)fc*1*256*lr-0.01,0.09575757384300232
(((conv*2)bnorm-)*2)fc*1*512*lr-0.1,0.09787879139184952
(((conv*2)pool-dropout)*2)fc*2*256*lr-0.0001,0.7815151810646057
(((conv*3)pool-dropout)*1)fc*2*256*lr-0.001,0.7160605788230896
(((conv*3)bnorm-pool-)*1)fc*2*64*lr-0.001,0.6800000071525574
(((conv*1)pool-)*3)fc*2*256*lr-0.001,0.7239394187927246
(((conv*3)bnorm-pool-dropout)*3)fc*2*64*lr-0.1,0.09272727370262146
(((conv*3)bnorm-pool-dropout)*3)fc*0*64*lr-0.0001,0.838787853717804
(((conv*1)bnorm-pool-)*3)fc*1*512*lr-0.01,0.6975757479667664
(((conv*2)pool-dropout)*3)fc*2*128*lr-0.01,0.09787879139184952
(((conv*1)pool-)*1)fc*1*64*lr-0.001,0.642727255821228
(((conv*1))*3)fc*2*128*lr-0.001,0.6578788161277771
(((conv*3)bnorm-pool-dropout)*2)fc*0*128*lr-0.01,0.8081818222999573
(((conv*1))*1)fc*2*128*lr-0.0001,0.6021212339401245
(((conv*3)pool-dropout)*3)fc*0*128*lr-0.001,0.8127272725105286
(((conv*3)bnorm-)*2)fc*1*256*lr-0.1,0.09787879139184952
(((conv*1)bnorm-)*3)fc*2*128*lr-0.0001,0.6636363863945007
(((conv*2)pool-)*3)fc*2*64*lr-0.0001,0.7427272796630859
(((conv*2)bnorm-)*2)fc*2*128*lr-0.0001,0.6451514959335327
(((conv*1)bnorm-)*1)fc*2*128*lr-0.01,0.49060606956481934
(((conv*3)bnorm-)*1)fc*1*128*lr-0.1,0.10969696938991547
(((conv*3))*2)fc*1*64*lr-0.1,0.09939394146203995
(((conv*1)pool-)*1)fc*2*64*lr-0.001,0.6193939447402954
(((conv*3)bnorm-)*2)fc*2*512*lr-0.001,0.6912121176719666
(((conv*1)bnorm-pool-dropout)*2)fc*1*128*lr-0.1,0.10969696938991547
(((conv*2))*2)fc*1*256*lr-0.001,0.6690909266471863
(((conv*2)bnorm-)*3)fc*0*64*lr-0.0001,0.6218181848526001
(((conv*1)pool-dropout)*1)fc*2*64*lr-0.01,0.3669697046279907
(((conv*2))*2)fc*0*512*lr-0.1,0.10969696938991547
(((conv*2))*1)fc*0*64*lr-0.001,0.6139394044876099
(((conv*3)bnorm-pool-dropout)*3)fc*0*512*lr-0.1,0.8303030133247375
(((conv*2)pool-)*2)fc*0*64*lr-0.001,0.7266666889190674
(((conv*2)bnorm-pool-dropout)*2)fc*0*512*lr-0.1,0.6512120962142944
(((conv*3)bnorm-)*1)fc*0*128*lr-0.001,0.5884848237037659
(((conv*3)pool-dropout)*2)fc*1*512*lr-0.0001,0.7842424511909485
(((conv*2)bnorm-)*2)fc*0*128*lr-0.0001,0.6239393949508667
(((conv*1)bnorm-pool-dropout)*2)fc*1*256*lr-0.0001,0.7581818103790283
(((conv*3)pool-)*1)fc*1*128*lr-0.0001,0.6803030371665955
(((conv*1)pool-)*3)fc*0*128*lr-0.001,0.7124242186546326
(((conv*2)pool-)*3)fc*1*512*lr-0.1,0.09787879139184952
(((conv*2))*3)fc*2*512*lr-0.0001,0.6781818270683289
(((conv*2)bnorm-pool-dropout)*3)fc*0*64*lr-0.001,0.8442424535751343
(((conv*3)pool-dropout)*3)fc*0*128*lr-0.0001,0.8199999928474426
(((conv*3)pool-dropout)*1)fc*0*64*lr-0.01,0.3721212148666382
(((conv*3)bnorm-)*2)fc*2*64*lr-0.1,0.09575757384300232
(((conv*3)pool-)*2)fc*1*128*lr-0.001,0.7581818103790283
(((conv*2))*1)fc*1*128*lr-0.01,0.10969696938991547
(((conv*2)pool-)*2)fc*1*256*lr-0.0001,0.7078787684440613
(((conv*1)pool-)*3)fc*2*64*lr-0.01,0.10696969926357269
(((conv*2)bnorm-pool-)*3)fc*1*512*lr-0.001,0.8169696927070618
(((conv*2)pool-dropout)*2)fc*0*64*lr-0.001,0.810606062412262
(((conv*3)pool-dropout)*2)fc*0*512*lr-0.001,0.8154545426368713
(((conv*2)pool-dropout)*1)fc*2*128*lr-0.0001,0.7109090685844421
(((conv*1)pool-dropout)*2)fc*2*128*lr-0.001,0.7312121391296387
(((conv*3)bnorm-)*3)fc*2*256*lr-0.001,0.6954545378684998
(((conv*1)pool-dropout)*2)fc*2*256*lr-0.01,0.09787879139184952
(((conv*1))*3)fc*2*256*lr-0.001,0.6521211862564087
(((conv*2)bnorm-)*2)fc*2*64*lr-0.0001,0.6348484754562378
(((conv*2)pool-dropout)*2)fc*0*512*lr-0.1,0.09878788143396378
(((conv*2)pool-dropout)*2)fc*0*512*lr-0.0001,0.7603030204772949
(((conv*1)bnorm-)*2)fc*0*512*lr-0.1,0.3799999952316284
(((conv*3)pool-dropout)*3)fc*0*128*lr-0.01,0.09787879139184952
(((conv*1)bnorm-pool-dropout)*2)fc*2*512*lr-0.0001,0.7593939304351807
(((conv*3)bnorm-pool-dropout)*3)fc*1*512*lr-0.1,0.09969697147607803
(((conv*2)bnorm-pool-)*3)fc*0*64*lr-0.0001,0.6754545569419861
(((conv*1)bnorm-pool-dropout)*3)fc*1*64*lr-0.001,0.7378787994384766
(((conv*2)bnorm-pool-)*3)fc*1*128*lr-0.1,0.09939394146203995
(((conv*3)pool-dropout)*1)fc*1*512*lr-0.0001,0.7342424392700195
(((conv*1)bnorm-pool-)*1)fc*0*512*lr-0.0001,0.6484848260879517
(((conv*2)pool-)*3)fc*1*128*lr-0.1,0.10121212154626846
(((conv*1)bnorm-pool-)*1)fc*1*128*lr-0.01,0.5533333420753479
(((conv*1)bnorm-pool-)*2)fc*1*512*lr-0.0001,0.6903030276298523
(((conv*3)pool-)*2)fc*2*256*lr-0.01,0.5951515436172485
(((conv*2)bnorm-pool-)*3)fc*2*256*lr-0.01,0.7978788018226624
(((conv*1)pool-)*2)fc*2*512*lr-0.0001,0.7012121081352234
(((conv*1)bnorm-)*3)fc*2*128*lr-0.001,0.6709091067314148
(((conv*2))*2)fc*2*512*lr-0.01,0.09939394146203995
(((conv*2))*2)fc*2*256*lr-0.1,0.10121212154626846
(((conv*2)pool-)*2)fc*1*256*lr-0.1,0.10969696938991547
(((conv*3)pool-dropout)*3)fc*1*256*lr-0.1,0.09787879139184952
(((conv*2)bnorm-pool-dropout)*3)fc*0*64*lr-0.01,0.8330302834510803
(((conv*3)pool-)*2)fc*2*256*lr-0.1,0.09272727370262146
(((conv*3))*3)fc*0*512*lr-0.1,0.09969697147607803
(((conv*3)pool-dropout)*1)fc*0*256*lr-0.1,0.09787879139184952
(((conv*2)bnorm-pool-)*3)fc*1*512*lr-0.01,0.7624242305755615
(((conv*1)bnorm-pool-)*2)fc*2*256*lr-0.01,0.6778787970542908
(((conv*3)bnorm-pool-dropout)*1)fc*1*128*lr-0.0001,0.7221212387084961
(((conv*2)pool-)*2)fc*2*256*lr-0.001,0.7293939590454102
(((conv*3)pool-)*2)fc*2*512*lr-0.0001,0.7203030586242676
(((conv*3)pool-dropout)*1)fc*2*128*lr-0.01,0.3884848356246948
(((conv*2)pool-dropout)*2)fc*2*64*lr-0.0001,0.7687878608703613
(((conv*2)bnorm-pool-dropout)*2)fc*0*64*lr-0.001,0.8257575631141663
(((conv*1)pool-)*2)fc*1*256*lr-0.001,0.6830303072929382
(((conv*1)bnorm-)*3)fc*1*512*lr-0.001,0.6342424154281616
(((conv*3)bnorm-pool-)*2)fc*0*256*lr-0.1,0.7266666889190674
(((conv*3)pool-dropout)*1)fc*1*512*lr-0.1,0.09272727370262146
(((conv*2)bnorm-pool-)*3)fc*2*256*lr-0.0001,0.6757575869560242
(((conv*2)bnorm-pool-)*1)fc*0*256*lr-0.1,0.506969690322876
(((conv*3))*1)fc*2*256*lr-0.0001,0.6615151762962341
(((conv*3)pool-dropout)*1)fc*2*64*lr-0.1,0.10969696938991547
(((conv*2)bnorm-pool-dropout)*1)fc*2*256*lr-0.1,0.09787879139184952
(((conv*1)bnorm-pool-dropout)*2)fc*2*256*lr-0.1,0.09939394146203995
(((conv*2)bnorm-pool-dropout)*2)fc*0*256*lr-0.1,0.17060606181621552
(((conv*1)pool-)*3)fc*2*512*lr-0.01,0.09969697147607803
(((conv*1)pool-)*3)fc*0*128*lr-0.0001,0.6890909075737
(((conv*2)bnorm-pool-dropout)*3)fc*1*256*lr-0.1,0.09575757384300232
(((conv*1)pool-)*3)fc*2*64*lr-0.1,0.09575757384300232
(((conv*1))*1)fc*0*512*lr-0.0001,0.6069697141647339
(((conv*2)bnorm-pool-dropout)*2)fc*2*512*lr-0.001,0.7845454812049866
(((conv*1)bnorm-pool-)*2)fc*1*64*lr-0.001,0.6675757765769958
(((conv*2)bnorm-pool-)*2)fc*0*256*lr-0.1,0.5018181800842285
(((conv*2)bnorm-pool-)*3)fc*2*512*lr-0.1,0.10696969926357269
(((conv*1)pool-)*2)fc*1*64*lr-0.001,0.689393937587738
(((conv*2)pool-)*3)fc*1*512*lr-0.001,0.7778787612915039
(((conv*2)bnorm-)*2)fc*1*512*lr-0.001,0.5866666436195374
(((conv*2)bnorm-pool-dropout)*3)fc*0*512*lr-0.0001,0.8342424035072327
(((conv*2)bnorm-pool-dropout)*1)fc*0*64*lr-0.001,0.6984848380088806
(((conv*2)bnorm-)*1)fc*0*512*lr-0.0001,0.6015151739120483
(((conv*3)bnorm-pool-dropout)*2)fc*2*256*lr-0.0001,0.8096969723701477
(((conv*2)bnorm-)*2)fc*0*64*lr-0.01,0.5524242520332336
(((conv*2)bnorm-pool-dropout)*1)fc*1*64*lr-0.001,0.7163636088371277
(((conv*1)pool-dropout)*3)fc*0*256*lr-0.01,0.40484848618507385
(((conv*1)bnorm-)*1)fc*1*64*lr-0.0001,0.6133333444595337
(((conv*2)bnorm-)*2)fc*2*128*lr-0.001,0.6678788065910339
(((conv*3)bnorm-pool-dropout)*2)fc*2*512*lr-0.1,0.10969696938991547
(((conv*1)bnorm-pool-)*3)fc*0*64*lr-0.01,0.7112120985984802
(((conv*3)bnorm-)*1)fc*2*512*lr-0.001,0.6463636159896851
(((conv*2)bnorm-)*3)fc*1*128*lr-0.01,0.09939394146203995
(((conv*1))*1)fc*1*256*lr-0.001,0.6115151643753052
(((conv*3)bnorm-pool-dropout)*3)fc*1*256*lr-0.001,0.8399999737739563
(((conv*2)bnorm-pool-)*2)fc*1*64*lr-0.1,0.09939394146203995
(((conv*3)pool-dropout)*3)fc*2*256*lr-0.1,0.09787879139184952
(((conv*2)bnorm-pool-dropout)*1)fc*2*64*lr-0.01,0.4663636386394501
(((conv*3)pool-)*1)fc*1*64*lr-0.01,0.5539394021034241
(((conv*3))*2)fc*0*128*lr-0.0001,0.6693939566612244
(((conv*2)pool-dropout)*1)fc*2*128*lr-0.01,0.09787879139184952
(((conv*2))*2)fc*0*512*lr-0.01,0.46060606837272644
(((conv*2)bnorm-pool-)*3)fc*0*512*lr-0.01,0.7872727513313293
(((conv*3)bnorm-pool-dropout)*1)fc*2*512*lr-0.01,0.5366666913032532
(((conv*3)bnorm-)*2)fc*2*512*lr-0.0001,0.6875757575035095
(((conv*2)pool-)*3)fc*1*256*lr-0.001,0.7751514911651611
(((conv*3)bnorm-)*1)fc*0*256*lr-0.0001,0.6372727155685425
(((conv*3)bnorm-)*2)fc*2*256*lr-0.1,0.09545454382896423
(((conv*1))*2)fc*2*128*lr-0.1,0.09787879139184952
(((conv*1)bnorm-pool-dropout)*1)fc*0*64*lr-0.01,0.5578787922859192
(((conv*2)pool-)*2)fc*1*512*lr-0.001,0.7412121295928955
(((conv*2))*1)fc*0*512*lr-0.0001,0.6478787660598755
(((conv*3))*2)fc*2*64*lr-0.01,0.09787879139184952
(((conv*1))*1)fc*1*256*lr-0.1,0.10121212154626846
(((conv*3)bnorm-)*1)fc*1*64*lr-0.001,0.5984848737716675
(((conv*3)bnorm-)*1)fc*0*512*lr-0.001,0.6106060743331909
(((conv*2)bnorm-pool-)*1)fc*2*128*lr-0.01,0.6469696760177612
(((conv*1))*2)fc*2*512*lr-0.001,0.6239393949508667
(((conv*1)pool-dropout)*2)fc*2*128*lr-0.1,0.09575757384300232
(((conv*2))*2)fc*0*128*lr-0.1,0.10969696938991547
(((conv*3)bnorm-)*1)fc*1*512*lr-0.01,0.10121212154626846
(((conv*1))*2)fc*1*512*lr-0.0001,0.6490908861160278
(((conv*3)bnorm-pool-)*3)fc*1*64*lr-0.001,0.835454523563385
(((conv*3)bnorm-pool-dropout)*2)fc*0*64*lr-0.1,0.39848485589027405
(((conv*2)pool-)*3)fc*2*512*lr-0.1,0.09787879139184952
(((conv*2)pool-dropout)*2)fc*0*64*lr-0.1,0.09787879139184952
(((conv*3)pool-)*2)fc*0*256*lr-0.001,0.7663636207580566
(((conv*1)pool-dropout)*1)fc*0*64*lr-0.01,0.4363636374473572
(((conv*2)bnorm-)*3)fc*0*256*lr-0.0001,0.657575786113739
(((conv*2)pool-)*1)fc*0*128*lr-0.01,0.09787879139184952
(((conv*1)pool-)*3)fc*2*256*lr-0.01,0.5899999737739563
(((conv*3)pool-dropout)*2)fc*0*256*lr-0.01,0.09787879139184952
(((conv*3)bnorm-pool-)*1)fc*0*512*lr-0.1,0.4272727370262146
(((conv*3))*2)fc*1*64*lr-0.0001,0.6527272462844849
(((conv*1)bnorm-pool-)*2)fc*1*256*lr-0.01,0.6772727370262146
(((conv*2))*1)fc*1*128*lr-0.1,0.09787879139184952
(((conv*2))*3)fc*0*128*lr-0.01,0.10696969926357269
(((conv*3)bnorm-)*3)fc*2*512*lr-0.001,0.5018181800842285
(((conv*1)pool-)*2)fc*2*64*lr-0.001,0.6978787779808044
(((conv*3)bnorm-pool-)*1)fc*1*128*lr-0.001,0.6590909361839294
(((conv*3)bnorm-)*2)fc*0*128*lr-0.01,0.5051515102386475
(((conv*1)bnorm-)*2)fc*0*256*lr-0.0001,0.6069697141647339
(((conv*1))*1)fc*1*64*lr-0.01,0.09787879139184952
(((conv*1)bnorm-pool-dropout)*1)fc*2*64*lr-0.001,0.6396969556808472
(((conv*1)bnorm-pool-dropout)*3)fc*1*512*lr-0.1,0.09939394146203995
(((conv*1)bnorm-pool-dropout)*3)fc*0*64*lr-0.001,0.76424241065979
(((conv*2)bnorm-)*2)fc*1*256*lr-0.1,0.09575757384300232
(((conv*2)bnorm-)*1)fc*0*512*lr-0.01,0.5257575511932373
(((conv*2)pool-dropout)*2)fc*0*128*lr-0.01,0.4148484766483307
(((conv*1))*3)fc*2*64*lr-0.0001,0.6454545259475708
(((conv*1))*1)fc*1*64*lr-0.1,0.10696969926357269
(((conv*3))*2)fc*2*128*lr-0.0001,0.664545476436615
(((conv*1)pool-dropout)*3)fc*0*128*lr-0.0001,0.480303019285202
(((conv*2))*2)fc*1*64*lr-0.001,0.6330302953720093
(((conv*1))*1)fc*0*128*lr-0.001,0.6106060743331909
(((conv*3)bnorm-pool-dropout)*1)fc*2*128*lr-0.0001,0.6878787875175476
(((conv*2)bnorm-)*1)fc*0*64*lr-0.0001,0.603939414024353
(((conv*3)pool-dropout)*3)fc*2*512*lr-0.1,0.09939394146203995
(((conv*1)pool-dropout)*2)fc*2*256*lr-0.001,0.7278788089752197
(((conv*3)bnorm-pool-)*3)fc*0*512*lr-0.1,0.36030304431915283
(((conv*1)bnorm-)*3)fc*2*64*lr-0.001,0.6060606241226196
(((conv*2)bnorm-pool-)*3)fc*2*128*lr-0.01,0.7866666913032532
(((conv*3))*1)fc*0*64*lr-0.001,0.6381818056106567
(((conv*2)bnorm-pool-dropout)*2)fc*2*256*lr-0.01,0.7696969509124756
(((conv*2)pool-dropout)*3)fc*0*512*lr-0.0001,0.7900000214576721
(((conv*3))*3)fc*0*64*lr-0.001,0.6666666865348816
(((conv*3)bnorm-pool-)*3)fc*0*64*lr-0.01,0.79666668176651
(((conv*3))*1)fc*1*64*lr-0.0001,0.6578788161277771
(((conv*3)bnorm-)*2)fc*2*64*lr-0.0001,0.6733333468437195
(((conv*1)bnorm-pool-)*2)fc*2*64*lr-0.1,0.10696969926357269
(((conv*3)pool-dropout)*2)fc*0*128*lr-0.01,0.09787879139184952
(((conv*2)pool-)*1)fc*1*64*lr-0.001,0.6678788065910339
(((conv*2)bnorm-pool-dropout)*1)fc*2*256*lr-0.0001,0.6981818079948425
(((conv*3)bnorm-pool-dropout)*3)fc*1*256*lr-0.1,0.09969697147607803
(((conv*2)bnorm-pool-dropout)*3)fc*2*256*lr-0.001,0.831818163394928
(((conv*1)pool-dropout)*2)fc*2*512*lr-0.001,0.7409090995788574
(((conv*3))*2)fc*2*512*lr-0.01,0.09787879139184952
(((conv*3))*3)fc*2*256*lr-0.001,0.6309090852737427
(((conv*1)bnorm-pool-dropout)*3)fc*2*256*lr-0.01,0.6845454573631287
(((conv*2)bnorm-pool-dropout)*3)fc*2*256*lr-0.0001,0.8357575535774231
(((conv*3)bnorm-pool-dropout)*3)fc*2*512*lr-0.01,0.09969697147607803
(((conv*1))*1)fc*1*128*lr-0.0001,0.6106060743331909
(((conv*3)bnorm-)*3)fc*2*256*lr-0.1,0.09787879139184952
(((conv*2)pool-)*1)fc*2*256*lr-0.1,0.09878788143396378
(((conv*2)bnorm-pool-dropout)*2)fc*1*64*lr-0.0001,0.7766666412353516
(((conv*1)bnorm-pool-)*2)fc*0*256*lr-0.0001,0.6812121272087097
(((conv*3)pool-)*3)fc*2*256*lr-0.0001,0.7296969890594482
(((conv*3)bnorm-)*1)fc*1*64*lr-0.1,0.10696969926357269
(((conv*1)bnorm-pool-)*3)fc*1*128*lr-0.1,0.09969697147607803
(((conv*1)bnorm-)*2)fc*0*64*lr-0.1,0.2348484843969345
(((conv*2)bnorm-)*1)fc*2*128*lr-0.001,0.6221212148666382
(((conv*2)bnorm-pool-)*3)fc*1*256*lr-0.01,0.789393961429596
(((conv*3)bnorm-)*2)fc*0*256*lr-0.01,0.5957576036453247
(((conv*3)pool-)*2)fc*0*128*lr-0.01,0.10696969926357269
(((conv*1)bnorm-pool-)*1)fc*0*128*lr-0.01,0.5387879014015198
(((conv*3)bnorm-)*1)fc*0*256*lr-0.001,0.6106060743331909
(((conv*2)pool-dropout)*1)fc*2*256*lr-0.01,0.389090895652771
(((conv*2)pool-dropout)*3)fc*2*512*lr-0.01,0.09272727370262146
(((conv*1))*3)fc*0*64*lr-0.01,0.41999998688697815
(((conv*2))*2)fc*1*128*lr-0.01,0.09272727370262146
(((conv*2)bnorm-pool-dropout)*1)fc*0*128*lr-0.001,0.7160605788230896
(((conv*1)bnorm-)*3)fc*2*256*lr-0.001,0.6393939256668091
(((conv*3))*1)fc*0*64*lr-0.1,0.09969697147607803
(((conv*3)bnorm-pool-dropout)*1)fc*0*64*lr-0.01,0.7154545187950134
(((conv*2)bnorm-pool-dropout)*1)fc*2*64*lr-0.1,0.09272727370262146
(((conv*3))*1)fc*0*128*lr-0.01,0.47121211886405945
(((conv*3)bnorm-pool-)*3)fc*1*256*lr-0.001,0.8439394235610962
(((conv*1)bnorm-pool-)*2)fc*0*128*lr-0.01,0.6554545164108276
(((conv*2)bnorm-pool-dropout)*3)fc*2*128*lr-0.0001,0.8345454335212708
(((conv*2)pool-dropout)*1)fc*2*256*lr-0.0001,0.7121211886405945
(((conv*3)bnorm-)*2)fc*0*256*lr-0.001,0.6312121152877808
(((conv*2)bnorm-pool-)*3)fc*0*256*lr-0.01,0.7927272915840149
(((conv*1)bnorm-pool-dropout)*1)fc*0*128*lr-0.0001,0.649696946144104
(((conv*3)bnorm-)*1)fc*0*256*lr-0.1,0.27848485112190247
(((conv*1)pool-dropout)*2)fc*1*512*lr-0.01,0.10696969926357269
(((conv*2)bnorm-)*3)fc*0*64*lr-0.1,0.3593939542770386
(((conv*2))*2)fc*2*256*lr-0.001,0.6445454359054565
(((conv*1)bnorm-pool-)*1)fc*0*64*lr-0.1,0.4739393889904022
(((conv*1)bnorm-pool-dropout)*2)fc*0*256*lr-0.1,0.3696969747543335
(((conv*3)bnorm-pool-dropout)*3)fc*1*64*lr-0.0001,0.8481818437576294
(((conv*1)bnorm-pool-)*2)fc*0*128*lr-0.001,0.675151526927948
(((conv*1)bnorm-)*1)fc*2*64*lr-0.001,0.5754545331001282
(((conv*1)bnorm-pool-)*1)fc*2*512*lr-0.01,0.5463636517524719
(((conv*3)bnorm-pool-dropout)*3)fc*1*64*lr-0.1,0.10969696938991547
(((conv*1)bnorm-pool-dropout)*3)fc*1*128*lr-0.01,0.7296969890594482
(((conv*3)bnorm-pool-)*3)fc*2*256*lr-0.001,0.8472727537155151
(((conv*2)bnorm-)*3)fc*0*512*lr-0.01,0.6106060743331909
(((conv*2)bnorm-pool-)*3)fc*0*256*lr-0.0001,0.6903030276298523
(((conv*3)bnorm-pool-dropout)*2)fc*2*128*lr-0.1,0.09969697147607803
(((conv*3)bnorm-pool-dropout)*2)fc*0*512*lr-0.001,0.8436363339424133
(((conv*1)bnorm-pool-)*2)fc*1*128*lr-0.001,0.6839393973350525
(((conv*2))*2)fc*1*512*lr-0.001,0.6542423963546753
(((conv*2)bnorm-pool-dropout)*1)fc*0*256*lr-0.01,0.649696946144104
(((conv*1)bnorm-pool-dropout)*1)fc*2*64*lr-0.1,0.10121212154626846
(((conv*3)bnorm-)*2)fc*0*256*lr-0.0001,0.632121205329895
(((conv*1)pool-dropout)*2)fc*2*64*lr-0.001,0.732424259185791
(((conv*2)bnorm-)*3)fc*2*256*lr-0.001,0.6969696879386902
(((conv*1)bnorm-pool-dropout)*1)fc*0*128*lr-0.001,0.628484845161438
(((conv*1))*2)fc*2*128*lr-0.01,0.40515151619911194
(((conv*2)bnorm-pool-dropout)*3)fc*0*128*lr-0.1,0.7342424392700195
